"filename", "language", "JSON", "TypeScript JSX", "Markdown", "CSS", "TypeScript", "JSON with Comments", "MS SQL", "JavaScript", "Shell Script", "YAML", "XML", "comment", "blank", "total"
"d:\Persist Ventures\GoViral\app\about\page.tsx", "TypeScript JSX", 0, 91, 0, 0, 0, 0, 0, 0, 0, 0, 0, 0, 8, 99
"d:\Persist Ventures\GoViral\app\api\cron\update-contests.ts", "TypeScript", 0, 0, 0, 0, 82, 0, 0, 0, 0, 0, 0, 20, 19, 121
"d:\Persist Ventures\GoViral\app\api\cron\update-instagram-insights\route.ts", "TypeScript", 0, 0, 0, 0, 274, 0, 0, 0, 0, 0, 0, 31, 52, 357
"d:\Persist Ventures\GoViral\app\api\cron\update-youtube-metrics\route.ts", "TypeScript", 0, 0, 0, 0, 183, 0, 0, 0, 0, 0, 0, 30, 29, 242
"d:\Persist Ventures\GoViral\app\api\instagram\callback\route.ts", "TypeScript", 0, 0, 0, 0, 111, 0, 0, 0, 0, 0, 0, 11, 30, 152
"d:\Persist Ventures\GoViral\app\api\instagram\refresh-token\route.ts", "TypeScript", 0, 0, 0, 0, 54, 0, 0, 0, 0, 0, 0, 2, 16, 72
"d:\Persist Ventures\GoViral\app\api\instagram\verify-media\route.ts", "TypeScript", 0, 0, 0, 0, 125, 0, 0, 0, 0, 0, 0, 24, 24, 173
"d:\Persist Ventures\GoViral\app\api\leaderboard\[contestId]\route.ts", "TypeScript", 0, 0, 0, 0, 75, 0, 0, 0, 0, 0, 0, 13, 18, 106
"d:\Persist Ventures\GoViral\app\api\youtube\auth\route.ts", "TypeScript", 0, 0, 0, 0, 35, 0, 0, 0, 0, 0, 0, 9, 8, 52
"d:\Persist Ventures\GoViral\app\api\youtube\callback\route.ts", "TypeScript", 0, 0, 0, 0, 109, 0, 0, 0, 0, 0, 0, 2, 25, 136
"d:\Persist Ventures\GoViral\app\api\youtube\metrics\route.ts", "TypeScript", 0, 0, 0, 0, 107, 0, 0, 0, 0, 0, 0, 13, 20, 140
"d:\Persist Ventures\GoViral\app\api\youtube\refresh\route.ts", "TypeScript", 0, 0, 0, 0, 61, 0, 0, 0, 0, 0, 0, 5, 14, 80
"d:\Persist Ventures\GoViral\app\api\youtube\verify\route.ts", "TypeScript", 0, 0, 0, 0, 107, 0, 0, 0, 0, 0, 0, 11, 22, 140
"d:\Persist Ventures\GoViral\app\api\youtube\videos\route.ts", "TypeScript", 0, 0, 0, 0, 59, 0, 0, 0, 0, 0, 0, 0, 12, 71
"d:\Persist Ventures\GoViral\app\auth\forgot-password\page.tsx", "TypeScript JSX", 0, 169, 0, 0, 0, 0, 0, 0, 0, 0, 0, 2, 17, 188
"d:\Persist Ventures\GoViral\app\auth\reset-password\page.tsx", "TypeScript JSX", 0, 239, 0, 0, 0, 0, 0, 0, 0, 0, 0, 5, 15, 259
"d:\Persist Ventures\GoViral\app\auth\signin\page.tsx", "TypeScript JSX", 0, 14, 0, 0, 0, 0, 0, 0, 0, 0, 0, 0, 4, 18
"d:\Persist Ventures\GoViral\app\auth\signup\page.tsx", "TypeScript JSX", 0, 13, 0, 0, 0, 0, 0, 0, 0, 0, 0, 0, 3, 16
"d:\Persist Ventures\GoViral\app\auth\verify-otp\page.tsx", "TypeScript JSX", 0, 39, 0, 0, 0, 0, 0, 0, 0, 0, 0, 5, 2, 46
"d:\Persist Ventures\GoViral\app\auth\verify-otp\verify-otp-form.tsx", "TypeScript JSX", 0, 325, 0, 0, 0, 0, 0, 0, 0, 0, 0, 8, 32, 365
"d:\Persist Ventures\GoViral\app\brands\page.tsx", "TypeScript JSX", 0, 163, 0, 0, 0, 0, 0, 0, 0, 0, 0, 7, 10, 180
"d:\Persist Ventures\GoViral\app\choose-username\page.tsx", "TypeScript JSX", 0, 379, 0, 0, 0, 0, 0, 0, 0, 0, 0, 11, 36, 426
"d:\Persist Ventures\GoViral\app\contact\page.tsx", "TypeScript JSX", 0, 144, 0, 0, 0, 0, 0, 0, 0, 0, 0, 8, 19, 171
"d:\Persist Ventures\GoViral\app\creators\page.tsx", "TypeScript JSX", 0, 233, 0, 0, 0, 0, 0, 0, 0, 0, 0, 9, 12, 254
"d:\Persist Ventures\GoViral\app\dashboard\ClientLayout.tsx", "TypeScript JSX", 0, 73, 0, 0, 0, 0, 0, 0, 0, 0, 0, 1, 7, 81
"d:\Persist Ventures\GoViral\app\dashboard\analytics\page.tsx", "TypeScript JSX", 0, 150, 0, 0, 0, 0, 0, 0, 0, 0, 0, 6, 21, 177
"d:\Persist Ventures\GoViral\app\dashboard\billing\BillingClientPage.tsx", "TypeScript JSX", 0, 1093, 0, 0, 0, 0, 0, 0, 0, 0, 0, 20, 64, 1177
"d:\Persist Ventures\GoViral\app\dashboard\billing\loading.tsx", "TypeScript JSX", 0, 49, 0, 0, 0, 0, 0, 0, 0, 0, 0, 4, 6, 59
"d:\Persist Ventures\GoViral\app\dashboard\billing\page.tsx", "TypeScript JSX", 0, 110, 0, 0, 0, 0, 0, 0, 0, 0, 0, 7, 20, 137
"d:\Persist Ventures\GoViral\app\dashboard\coin-transactions\page.tsx", "TypeScript JSX", 0, 0, 0, 0, 0, 0, 0, 0, 0, 0, 0, 0, 1, 1
"d:\Persist Ventures\GoViral\app\dashboard\contests\ContestListClient.tsx", "TypeScript JSX", 0, 175, 0, 0, 0, 0, 0, 0, 0, 0, 0, 3, 6, 184
"d:\Persist Ventures\GoViral\app\dashboard\contests\[id]\contest-detail-client.tsx", "TypeScript JSX", 0, 540, 0, 0, 0, 0, 0, 0, 0, 0, 0, 6, 28, 574
"d:\Persist Ventures\GoViral\app\dashboard\contests\[id]\edit\client.tsx", "TypeScript JSX", 0, 1456, 0, 0, 0, 0, 0, 0, 0, 0, 0, 80, 126, 1662
"d:\Persist Ventures\GoViral\app\dashboard\contests\[id]\edit\page.tsx", "TypeScript JSX", 0, 9, 0, 0, 0, 0, 0, 0, 0, 0, 0, 0, 2, 11
"d:\Persist Ventures\GoViral\app\dashboard\contests\[id]\page.tsx", "TypeScript JSX", 0, 117, 0, 0, 0, 0, 0, 0, 0, 0, 0, 3, 18, 138
"d:\Persist Ventures\GoViral\app\dashboard\contests\[id]\share\client.tsx", "TypeScript JSX", 0, 318, 0, 0, 0, 0, 0, 0, 0, 0, 0, 9, 26, 353
"d:\Persist Ventures\GoViral\app\dashboard\contests\[id]\share\page.tsx", "TypeScript JSX", 0, 9, 0, 0, 0, 0, 0, 0, 0, 0, 0, 0, 3, 12
"d:\Persist Ventures\GoViral\app\dashboard\contests\create\client.tsx", "TypeScript JSX", 0, 2477, 0, 0, 0, 0, 0, 0, 0, 0, 0, 198, 227, 2902
"d:\Persist Ventures\GoViral\app\dashboard\contests\create\page.tsx", "TypeScript JSX", 0, 13, 0, 0, 0, 0, 0, 0, 0, 0, 0, 0, 3, 16
"d:\Persist Ventures\GoViral\app\dashboard\contests\loading.tsx", "TypeScript JSX", 0, 28, 0, 0, 0, 0, 0, 0, 0, 0, 0, 0, 3, 31
"d:\Persist Ventures\GoViral\app\dashboard\contests\page.tsx", "TypeScript JSX", 0, 56, 0, 0, 0, 0, 0, 0, 0, 0, 0, 0, 10, 66
"d:\Persist Ventures\GoViral\app\dashboard\earnings\EarningsClientPage.tsx", "TypeScript JSX", 0, 855, 0, 0, 0, 0, 0, 0, 0, 0, 0, 26, 62, 943
"d:\Persist Ventures\GoViral\app\dashboard\earnings\loading.tsx", "TypeScript JSX", 0, 45, 0, 0, 0, 0, 0, 0, 0, 0, 0, 3, 5, 53
"d:\Persist Ventures\GoViral\app\dashboard\earnings\page.tsx", "TypeScript JSX", 0, 108, 0, 0, 0, 0, 0, 0, 0, 0, 0, 18, 22, 148
"d:\Persist Ventures\GoViral\app\dashboard\layout.tsx", "TypeScript JSX", 0, 11, 0, 0, 0, 0, 0, 0, 0, 0, 0, 0, 2, 13
"d:\Persist Ventures\GoViral\app\dashboard\opportunities\[id]\client.tsx", "TypeScript JSX", 0, 798, 0, 0, 0, 0, 0, 0, 0, 0, 0, 49, 44, 891
"d:\Persist Ventures\GoViral\app\dashboard\opportunities\[id]\page.tsx", "TypeScript JSX", 0, 12, 0, 0, 0, 0, 0, 0, 0, 0, 0, 0, 2, 14
"d:\Persist Ventures\GoViral\app\dashboard\opportunities\[id]\submit\client.tsx", "TypeScript JSX", 0, 1182, 0, 0, 0, 0, 0, 0, 0, 0, 0, 71, 112, 1365
"d:\Persist Ventures\GoViral\app\dashboard\opportunities\[id]\submit\page.tsx", "TypeScript JSX", 0, 13, 0, 0, 0, 0, 0, 0, 0, 0, 0, 0, 2, 15
"d:\Persist Ventures\GoViral\app\dashboard\opportunities\client.tsx", "TypeScript JSX", 0, 375, 0, 0, 0, 0, 0, 0, 0, 0, 0, 22, 31, 428
"d:\Persist Ventures\GoViral\app\dashboard\opportunities\loading.tsx", "TypeScript JSX", 0, 43, 0, 0, 0, 0, 0, 0, 0, 0, 0, 2, 8, 53
"d:\Persist Ventures\GoViral\app\dashboard\opportunities\page.tsx", "TypeScript JSX", 0, 13, 0, 0, 0, 0, 0, 0, 0, 0, 0, 0, 3, 16
"d:\Persist Ventures\GoViral\app\dashboard\page.tsx", "TypeScript JSX", 0, 340, 0, 0, 0, 0, 0, 0, 0, 0, 0, 0, 28, 368
"d:\Persist Ventures\GoViral\app\dashboard\profile\client.tsx", "TypeScript JSX", 0, 769, 0, 0, 0, 0, 0, 0, 0, 0, 0, 30, 60, 859
"d:\Persist Ventures\GoViral\app\dashboard\profile\page.tsx", "TypeScript JSX", 0, 8, 0, 0, 0, 0, 0, 0, 0, 0, 0, 0, 2, 10
"d:\Persist Ventures\GoViral\app\dashboard\settings\client.tsx", "TypeScript JSX", 0, 569, 0, 0, 0, 0, 0, 0, 0, 0, 0, 95, 67, 731
"d:\Persist Ventures\GoViral\app\dashboard\settings\page.tsx", "TypeScript JSX", 0, 8, 0, 0, 0, 0, 0, 0, 0, 0, 0, 0, 2, 10
"d:\Persist Ventures\GoViral\app\dashboard\submissions\SubmissionsClient.tsx", "TypeScript JSX", 0, 336, 0, 0, 0, 0, 0, 0, 0, 0, 0, 9, 30, 375
"d:\Persist Ventures\GoViral\app\dashboard\submissions\loading.tsx", "TypeScript JSX", 0, 53, 0, 0, 0, 0, 0, 0, 0, 0, 0, 2, 6, 61
"d:\Persist Ventures\GoViral\app\dashboard\submissions\page.tsx", "TypeScript JSX", 0, 86, 0, 0, 0, 0, 0, 0, 0, 0, 0, 2, 11, 99
"d:\Persist Ventures\GoViral\app\forgot-password\page.tsx", "TypeScript JSX", 0, 4, 0, 0, 0, 0, 0, 0, 0, 0, 0, 0, 1, 5
"d:\Persist Ventures\GoViral\app\globals.css", "CSS", 0, 0, 0, 90, 0, 0, 0, 0, 0, 0, 0, 0, 5, 95
"d:\Persist Ventures\GoViral\app\instagram-connection-faq\page.tsx", "TypeScript JSX", 0, 105, 0, 0, 0, 0, 0, 0, 0, 0, 0, 0, 7, 112
"d:\Persist Ventures\GoViral\app\layout.tsx", "TypeScript JSX", 0, 55, 0, 0, 0, 0, 0, 0, 0, 0, 0, 1, 9, 65
"d:\Persist Ventures\GoViral\app\login\page.tsx", "TypeScript JSX", 0, 4, 0, 0, 0, 0, 0, 0, 0, 0, 0, 0, 3, 7
"d:\Persist Ventures\GoViral\app\page.tsx", "TypeScript JSX", 0, 9, 0, 0, 0, 0, 0, 0, 0, 0, 0, 1, 4, 14
"d:\Persist Ventures\GoViral\app\pricing\page.tsx", "TypeScript JSX", 0, 458, 0, 0, 0, 0, 0, 0, 0, 0, 0, 31, 31, 520
"d:\Persist Ventures\GoViral\app\privacy-policy\page.tsx", "TypeScript JSX", 0, 64, 0, 0, 0, 0, 0, 0, 0, 0, 0, 0, 7, 71
"d:\Persist Ventures\GoViral\app\reset-password\page.tsx", "TypeScript JSX", 0, 4, 0, 0, 0, 0, 0, 0, 0, 0, 0, 0, 1, 5
"d:\Persist Ventures\GoViral\app\signup\page.tsx", "TypeScript JSX", 0, 4, 0, 0, 0, 0, 0, 0, 0, 0, 0, 0, 3, 7
"d:\Persist Ventures\GoViral\app\terms-of-service\page.tsx", "TypeScript JSX", 0, 75, 0, 0, 0, 0, 0, 0, 0, 0, 0, 0, 10, 85
"d:\Persist Ventures\GoViral\auth-architecture.md", "Markdown", 0, 0, 61, 0, 0, 0, 0, 0, 0, 0, 0, 0, 18, 79
"d:\Persist Ventures\GoViral\components.json", "JSON", 21, 0, 0, 0, 0, 0, 0, 0, 0, 0, 0, 0, 0, 21
"d:\Persist Ventures\GoViral\components\auth-nav.tsx", "TypeScript JSX", 0, 0, 0, 0, 0, 0, 0, 0, 0, 0, 0, 33, 5, 38
"d:\Persist Ventures\GoViral\components\auth\SignInPage.tsx", "TypeScript JSX", 0, 245, 0, 0, 0, 0, 0, 0, 0, 0, 0, 20, 22, 287
"d:\Persist Ventures\GoViral\components\auth\SignUpPage.tsx", "TypeScript JSX", 0, 393, 0, 0, 0, 0, 0, 0, 0, 0, 0, 0, 25, 418
"d:\Persist Ventures\GoViral\components\brand-logo.tsx", "TypeScript JSX", 0, 0, 0, 0, 0, 0, 0, 0, 0, 0, 0, 75, 6, 81
"d:\Persist Ventures\GoViral\components\dashboard-nav.tsx", "TypeScript JSX", 0, 0, 0, 0, 0, 0, 0, 0, 0, 0, 0, 80, 5, 85
"d:\Persist Ventures\GoViral\components\dashboard-sidebar.tsx", "TypeScript JSX", 0, 121, 0, 0, 0, 0, 0, 0, 0, 0, 0, 0, 9, 130
"d:\Persist Ventures\GoViral\components\dashboard\wallet-summary.tsx", "TypeScript JSX", 0, 102, 0, 0, 0, 0, 0, 0, 0, 0, 0, 0, 11, 113
"d:\Persist Ventures\GoViral\components\delete-contest-button.tsx", "TypeScript JSX", 0, 211, 0, 0, 0, 0, 0, 0, 0, 0, 0, 20, 24, 255
"d:\Persist Ventures\GoViral\components\footer.tsx", "TypeScript JSX", 0, 90, 0, 0, 0, 0, 0, 0, 0, 0, 0, 0, 2, 92
"d:\Persist Ventures\GoViral\components\guards\RouteGuard.tsx", "TypeScript JSX", 0, 161, 0, 0, 0, 0, 0, 0, 0, 0, 0, 4, 26, 191
"d:\Persist Ventures\GoViral\components\hero-section.tsx", "TypeScript JSX", 0, 232, 0, 0, 0, 0, 0, 0, 0, 0, 0, 18, 13, 263
"d:\Persist Ventures\GoViral\components\loading-placeholder.tsx", "TypeScript JSX", 0, 20, 0, 0, 0, 0, 0, 0, 0, 0, 0, 0, 1, 21
"d:\Persist Ventures\GoViral\components\loading\LoadingSpinner.tsx", "TypeScript JSX", 0, 83, 0, 0, 0, 0, 0, 0, 0, 0, 0, 2, 6, 91
"d:\Persist Ventures\GoViral\components\main-nav.tsx", "TypeScript JSX", 0, 29, 0, 0, 0, 0, 0, 0, 0, 0, 0, 9, 5, 43
"d:\Persist Ventures\GoViral\components\mobile-nav.tsx", "TypeScript JSX", 0, 0, 0, 0, 0, 0, 0, 0, 0, 0, 0, 83, 8, 91
"d:\Persist Ventures\GoViral\components\mode-toggle.tsx", "TypeScript JSX", 0, 36, 0, 0, 0, 0, 0, 0, 0, 0, 0, 0, 4, 40
"d:\Persist Ventures\GoViral\components\nav.tsx", "TypeScript JSX", 0, 218, 0, 0, 0, 0, 0, 0, 0, 0, 0, 12, 17, 247
"d:\Persist Ventures\GoViral\components\navigation\NavigationLink.tsx", "TypeScript JSX", 0, 78, 0, 0, 0, 0, 0, 0, 0, 0, 0, 6, 12, 96
"d:\Persist Ventures\GoViral\components\novel-editor.tsx", "TypeScript JSX", 0, 235, 0, 0, 0, 0, 0, 0, 0, 0, 0, 11, 12, 258
"d:\Persist Ventures\GoViral\components\rich-text-editor.tsx", "TypeScript JSX", 0, 174, 0, 0, 0, 0, 0, 0, 0, 0, 0, 5, 11, 190
"d:\Persist Ventures\GoViral\components\site-header.tsx", "TypeScript JSX", 0, 20, 0, 0, 0, 0, 0, 0, 0, 0, 0, 8, 6, 34
"d:\Persist Ventures\GoViral\components\theme-toggle.tsx", "TypeScript JSX", 0, 24, 0, 0, 0, 0, 0, 0, 0, 0, 0, 0, 5, 29
"d:\Persist Ventures\GoViral\components\ui\accordion.tsx", "TypeScript JSX", 0, 50, 0, 0, 0, 0, 0, 0, 0, 0, 0, 0, 9, 59
"d:\Persist Ventures\GoViral\components\ui\alert-dialog.tsx", "TypeScript JSX", 0, 127, 0, 0, 0, 0, 0, 0, 0, 0, 0, 0, 15, 142
"d:\Persist Ventures\GoViral\components\ui\alert.tsx", "TypeScript JSX", 0, 53, 0, 0, 0, 0, 0, 0, 0, 0, 0, 0, 7, 60
"d:\Persist Ventures\GoViral\components\ui\aspect-ratio.tsx", "TypeScript JSX", 0, 4, 0, 0, 0, 0, 0, 0, 0, 0, 0, 0, 4, 8
"d:\Persist Ventures\GoViral\components\ui\avatar.tsx", "TypeScript JSX", 0, 44, 0, 0, 0, 0, 0, 0, 0, 0, 0, 0, 7, 51
"d:\Persist Ventures\GoViral\components\ui\badge.tsx", "TypeScript JSX", 0, 31, 0, 0, 0, 0, 0, 0, 0, 0, 0, 0, 6, 37
"d:\Persist Ventures\GoViral\components\ui\breadcrumb.tsx", "TypeScript JSX", 0, 105, 0, 0, 0, 0, 0, 0, 0, 0, 0, 0, 11, 116
"d:\Persist Ventures\GoViral\components\ui\button.tsx", "TypeScript JSX", 0, 51, 0, 0, 0, 0, 0, 0, 0, 0, 0, 0, 6, 57
"d:\Persist Ventures\GoViral\components\ui\calendar.tsx", "TypeScript JSX", 0, 61, 0, 0, 0, 0, 0, 0, 0, 0, 0, 0, 6, 67
"d:\Persist Ventures\GoViral\components\ui\card.tsx", "TypeScript JSX", 0, 71, 0, 0, 0, 0, 0, 0, 0, 0, 0, 0, 9, 80
"d:\Persist Ventures\GoViral\components\ui\carousel.tsx", "TypeScript JSX", 0, 232, 0, 0, 0, 0, 0, 0, 0, 0, 0, 0, 31, 263
"d:\Persist Ventures\GoViral\components\ui\chart.tsx", "TypeScript JSX", 0, 327, 0, 0, 0, 0, 0, 0, 0, 0, 0, 2, 37, 366
"d:\Persist Ventures\GoViral\components\ui\checkbox.tsx", "TypeScript JSX", 0, 26, 0, 0, 0, 0, 0, 0, 0, 0, 0, 0, 5, 31
"d:\Persist Ventures\GoViral\components\ui\collapsible.tsx", "TypeScript JSX", 0, 6, 0, 0, 0, 0, 0, 0, 0, 0, 0, 0, 6, 12
"d:\Persist Ventures\GoViral\components\ui\command.tsx", "TypeScript JSX", 0, 136, 0, 0, 0, 0, 0, 0, 0, 0, 0, 0, 18, 154
"d:\Persist Ventures\GoViral\components\ui\context-menu.tsx", "TypeScript JSX", 0, 182, 0, 0, 0, 0, 0, 0, 0, 0, 0, 0, 19, 201
"d:\Persist Ventures\GoViral\components\ui\dialog.tsx", "TypeScript JSX", 0, 109, 0, 0, 0, 0, 0, 0, 0, 0, 0, 0, 14, 123
"d:\Persist Ventures\GoViral\components\ui\drawer.tsx", "TypeScript JSX", 0, 105, 0, 0, 0, 0, 0, 0, 0, 0, 0, 0, 14, 119
"d:\Persist Ventures\GoViral\components\ui\dropdown-menu.tsx", "TypeScript JSX", 0, 182, 0, 0, 0, 0, 0, 0, 0, 0, 0, 0, 19, 201
"d:\Persist Ventures\GoViral\components\ui\form.tsx", "TypeScript JSX", 0, 153, 0, 0, 0, 0, 0, 0, 0, 0, 0, 0, 26, 179
"d:\Persist Ventures\GoViral\components\ui\hover-card.tsx", "TypeScript JSX", 0, 23, 0, 0, 0, 0, 0, 0, 0, 0, 0, 0, 7, 30
"d:\Persist Ventures\GoViral\components\ui\input-otp.tsx", "TypeScript JSX", 0, 63, 0, 0, 0, 0, 0, 0, 0, 0, 0, 0, 9, 72
"d:\Persist Ventures\GoViral\components\ui\input.tsx", "TypeScript JSX", 0, 19, 0, 0, 0, 0, 0, 0, 0, 0, 0, 0, 4, 23
"d:\Persist Ventures\GoViral\components\ui\label.tsx", "TypeScript JSX", 0, 21, 0, 0, 0, 0, 0, 0, 0, 0, 0, 0, 6, 27
"d:\Persist Ventures\GoViral\components\ui\menubar.tsx", "TypeScript JSX", 0, 217, 0, 0, 0, 0, 0, 0, 0, 0, 0, 0, 20, 237
"d:\Persist Ventures\GoViral\components\ui\navigation-menu.tsx", "TypeScript JSX", 0, 117, 0, 0, 0, 0, 0, 0, 0, 0, 0, 0, 12, 129
"d:\Persist Ventures\GoViral\components\ui\pagination.tsx", "TypeScript JSX", 0, 107, 0, 0, 0, 0, 0, 0, 0, 0, 0, 0, 11, 118
"d:\Persist Ventures\GoViral\components\ui\popover.tsx", "TypeScript JSX", 0, 25, 0, 0, 0, 0, 0, 0, 0, 0, 0, 0, 7, 32
"d:\Persist Ventures\GoViral\components\ui\progress.tsx", "TypeScript JSX", 0, 24, 0, 0, 0, 0, 0, 0, 0, 0, 0, 0, 5, 29
"d:\Persist Ventures\GoViral\components\ui\radio-group.tsx", "TypeScript JSX", 0, 39, 0, 0, 0, 0, 0, 0, 0, 0, 0, 0, 6, 45
"d:\Persist Ventures\GoViral\components\ui\resizable.tsx", "TypeScript JSX", 0, 39, 0, 0, 0, 0, 0, 0, 0, 0, 0, 0, 7, 46
"d:\Persist Ventures\GoViral\components\ui\scroll-area.tsx", "TypeScript JSX", 0, 43, 0, 0, 0, 0, 0, 0, 0, 0, 0, 0, 6, 49
"d:\Persist Ventures\GoViral\components\ui\select.tsx", "TypeScript JSX", 0, 146, 0, 0, 0, 0, 0, 0, 0, 0, 0, 0, 15, 161
"d:\Persist Ventures\GoViral\components\ui\separator.tsx", "TypeScript JSX", 0, 27, 0, 0, 0, 0, 0, 0, 0, 0, 0, 0, 5, 32
"d:\Persist Ventures\GoViral\components\ui\sheet.tsx", "TypeScript JSX", 0, 125, 0, 0, 0, 0, 0, 0, 0, 0, 0, 0, 16, 141
"d:\Persist Ventures\GoViral\components\ui\sidebar.tsx", "TypeScript JSX", 0, 709, 0, 0, 0, 0, 0, 0, 0, 0, 0, 12, 55, 776
"d:\Persist Ventures\GoViral\components\ui\skeleton.tsx", "TypeScript JSX", 0, 13, 0, 0, 0, 0, 0, 0, 0, 0, 0, 0, 3, 16
"d:\Persist Ventures\GoViral\components\ui\slider.tsx", "TypeScript JSX", 0, 24, 0, 0, 0, 0, 0, 0, 0, 0, 0, 0, 5, 29
"d:\Persist Ventures\GoViral\components\ui\sonner.tsx", "TypeScript JSX", 0, 26, 0, 0, 0, 0, 0, 0, 0, 0, 0, 0, 6, 32
"d:\Persist Ventures\GoViral\components\ui\switch.tsx", "TypeScript JSX", 0, 25, 0, 0, 0, 0, 0, 0, 0, 0, 0, 0, 5, 30
"d:\Persist Ventures\GoViral\components\ui\table.tsx", "TypeScript JSX", 0, 107, 0, 0, 0, 0, 0, 0, 0, 0, 0, 0, 11, 118
"d:\Persist Ventures\GoViral\components\ui\tabs.tsx", "TypeScript JSX", 0, 48, 0, 0, 0, 0, 0, 0, 0, 0, 0, 0, 8, 56
"d:\Persist Ventures\GoViral\components\ui\textarea.tsx", "TypeScript JSX", 0, 19, 0, 0, 0, 0, 0, 0, 0, 0, 0, 0, 4, 23
"d:\Persist Ventures\GoViral\components\ui\toast.tsx", "TypeScript JSX", 0, 126, 0, 0, 0, 0, 0, 0, 0, 0, 0, 1, 15, 142
"d:\Persist Ventures\GoViral\components\ui\toaster.tsx", "TypeScript JSX", 0, 32, 0, 0, 0, 0, 0, 0, 0, 0, 0, 0, 4, 36
"d:\Persist Ventures\GoViral\components\ui\toggle-group.tsx", "TypeScript JSX", 0, 52, 0, 0, 0, 0, 0, 0, 0, 0, 0, 0, 10, 62
"d:\Persist Ventures\GoViral\components\ui\toggle.tsx", "TypeScript JSX", 0, 39, 0, 0, 0, 0, 0, 0, 0, 0, 0, 0, 7, 46
"d:\Persist Ventures\GoViral\components\ui\tooltip.tsx", "TypeScript JSX", 0, 23, 0, 0, 0, 0, 0, 0, 0, 0, 0, 0, 8, 31
"d:\Persist Ventures\GoViral\components\ui\use-mobile.tsx", "TypeScript JSX", 0, 15, 0, 0, 0, 0, 0, 0, 0, 0, 0, 0, 5, 20
"d:\Persist Ventures\GoViral\components\ui\use-toast.ts", "TypeScript", 0, 0, 0, 0, 160, 0, 0, 0, 0, 0, 0, 3, 32, 195
"d:\Persist Ventures\GoViral\components\youtube-metrics.tsx", "TypeScript JSX", 0, 56, 0, 0, 0, 0, 0, 0, 0, 0, 0, 0, 3, 59
"d:\Persist Ventures\GoViral\constants\subscriptionPlans.ts", "TypeScript", 0, 0, 0, 0, 78, 0, 0, 0, 0, 0, 0, 0, 5, 83
"d:\Persist Ventures\GoViral\db\functions\add_coins_to_user.sql", "MS SQL", 0, 0, 0, 0, 0, 0, 9, 0, 0, 0, 0, 2, 0, 11
"d:\Persist Ventures\GoViral\docs\Go Viral – FAQ.md", "Markdown", 0, 0, 45, 0, 0, 0, 0, 0, 0, 0, 0, 0, 35, 80
"d:\Persist Ventures\GoViral\docs\Step1.md", "Markdown", 0, 0, 92, 0, 0, 0, 0, 0, 0, 0, 0, 0, 30, 122
"d:\Persist Ventures\GoViral\docs\issues_fixed.md", "Markdown", 0, 0, 51, 0, 0, 0, 0, 0, 0, 0, 0, 0, 17, 68
"d:\Persist Ventures\GoViral\docs\v2.md", "Markdown", 0, 0, 167, 0, 0, 0, 0, 0, 0, 0, 0, 0, 30, 197
"d:\Persist Ventures\GoViral\hooks\use-client-auth.tsx", "TypeScript JSX", 0, 69, 0, 0, 0, 0, 0, 0, 0, 0, 0, 1, 14, 84
"d:\Persist Ventures\GoViral\hooks\use-mobile.tsx", "TypeScript JSX", 0, 15, 0, 0, 0, 0, 0, 0, 0, 0, 0, 0, 5, 20
"d:\Persist Ventures\GoViral\hooks\use-toast.ts", "TypeScript", 0, 0, 0, 0, 165, 0, 0, 0, 0, 0, 0, 4, 33, 202
"d:\Persist Ventures\GoViral\lib\auth-utils.ts", "TypeScript", 0, 0, 0, 0, 38, 0, 0, 0, 0, 0, 0, 15, 6, 59
"d:\Persist Ventures\GoViral\lib\currency-utils.ts", "TypeScript", 0, 0, 0, 0, 6, 0, 0, 0, 0, 0, 0, 13, 3, 22
"d:\Persist Ventures\GoViral\lib\date-utils.ts", "TypeScript", 0, 0, 0, 0, 27, 0, 0, 0, 0, 0, 0, 24, 10, 61
"d:\Persist Ventures\GoViral\lib\utils.ts", "TypeScript", 0, 0, 0, 0, 57, 0, 0, 0, 0, 0, 0, 21, 14, 92
"d:\Persist Ventures\GoViral\lib\youtube-api.ts", "TypeScript", 0, 0, 0, 0, 263, 0, 0, 0, 0, 0, 0, 22, 56, 341
"d:\Persist Ventures\GoViral\lib\youtube-utils.ts", "TypeScript", 0, 0, 0, 0, 45, 0, 0, 0, 0, 0, 0, 2, 9, 56
"d:\Persist Ventures\GoViral\middleware.ts", "TypeScript", 0, 0, 0, 0, 58, 0, 0, 0, 0, 0, 0, 8, 13, 79
"d:\Persist Ventures\GoViral\next.config.mjs", "JavaScript", 0, 0, 0, 0, 0, 0, 0, 60, 0, 0, 0, 7, 6, 73
"d:\Persist Ventures\GoViral\package-lock.json", "JSON", 7978, 0, 0, 0, 0, 0, 0, 0, 0, 0, 0, 0, 1, 7979
"d:\Persist Ventures\GoViral\package.json", "JSON", 92, 0, 0, 0, 0, 0, 0, 0, 0, 0, 0, 0, 1, 93
"d:\Persist Ventures\GoViral\pnpm-lock.yaml", "YAML", 0, 0, 0, 0, 0, 0, 0, 0, 0, 4, 0, 0, 1, 5
"d:\Persist Ventures\GoViral\postcss.config.mjs", "JavaScript", 0, 0, 0, 0, 0, 0, 0, 6, 0, 0, 0, 1, 2, 9
"d:\Persist Ventures\GoViral\public\images\gold_logo_horizontal.svg", "XML", 0, 0, 0, 0, 0, 0, 0, 0, 0, 0, 629, 0, 115, 744
"d:\Persist Ventures\GoViral\public\images\gold_logo_vertical.svg", "XML", 0, 0, 0, 0, 0, 0, 0, 0, 0, 0, 629, 0, 115, 744
"d:\Persist Ventures\GoViral\public\images\social_pair.svg", "XML", 0, 0, 0, 0, 0, 0, 0, 0, 0, 0, 62, 0, 1, 63
"d:\Persist Ventures\GoViral\public\placeholder-logo.svg", "XML", 0, 0, 0, 0, 0, 0, 0, 0, 0, 0, 1, 0, 0, 1
"d:\Persist Ventures\GoViral\public\placeholder.svg", "XML", 0, 0, 0, 0, 0, 0, 0, 0, 0, 0, 1, 0, 0, 1
"d:\Persist Ventures\GoViral\public\sitemap.xml", "XML", 0, 0, 0, 0, 0, 0, 0, 0, 0, 0, 52, 1, 4, 57
"d:\Persist Ventures\GoViral\scripts\apply_changes.sh", "Shell Script", 0, 0, 0, 0, 0, 0, 0, 0, 25, 0, 0, 4, 4, 33
"d:\Persist Ventures\GoViral\scripts\update_all.js", "JavaScript", 0, 0, 0, 0, 0, 0, 0, 2, 0, 0, 0, 5, 2, 9
"d:\Persist Ventures\GoViral\scripts\update_db_views.js", "JavaScript", 0, 0, 0, 0, 0, 0, 0, 53, 0, 0, 0, 12, 14, 79
"d:\Persist Ventures\GoViral\scripts\update_storage_config.js", "JavaScript", 0, 0, 0, 0, 0, 0, 0, 76, 0, 0, 0, 11, 13, 100
"d:\Persist Ventures\GoViral\sql\001_add_cpm_contests.sql", "MS SQL", 0, 0, 0, 0, 0, 0, 39, 0, 0, 0, 0, 26, 10, 75
"d:\Persist Ventures\GoViral\sql\apply_all_changes.sql", "MS SQL", 0, 0, 0, 0, 0, 0, 31, 0, 0, 0, 0, 6, 5, 42
"d:\Persist Ventures\GoViral\sql\contest_views.sql", "MS SQL", 0, 0, 0, 0, 0, 0, 16, 0, 0, 0, 0, 3, 2, 21
"d:\Persist Ventures\GoViral\sql\create_contests_view.sql", "MS SQL", 0, 0, 0, 0, 0, 0, 15, 0, 0, 0, 0, 3, 2, 20
"d:\Persist Ventures\GoViral\sql\create_exec_sql_function.sql", "MS SQL", 0, 0, 0, 0, 0, 0, 9, 0, 0, 0, 0, 2, 0, 11
"d:\Persist Ventures\GoViral\sql\create_increment_function.sql", "MS SQL", 0, 0, 0, 0, 0, 0, 10, 0, 0, 0, 0, 2, 0, 12
"d:\Persist Ventures\GoViral\sql\initialize_database.sql", "MS SQL", 0, 0, 0, 0, 0, 0, 49, 0, 0, 0, 0, 2, 1, 52
"d:\Persist Ventures\GoViral\sql\storage_setup.sql", "MS SQL", 0, 0, 0, 0, 0, 0, 21, 0, 0, 0, 0, 6, 4, 31
"d:\Persist Ventures\GoViral\sql\table_permissions.sql", "MS SQL", 0, 0, 0, 0, 0, 0, 24, 0, 0, 0, 0, 8, 7, 39
"d:\Persist Ventures\GoViral\styles\globals.css", "CSS", 0, 0, 0, 90, 0, 0, 0, 0, 0, 0, 0, 0, 5, 95
"d:\Persist Ventures\GoViral\supabase\migrations\20250524072227_remote_schema.sql", "MS SQL", 0, 0, 0, 0, 0, 0, 0, 0, 0, 0, 0, 0, 1, 1
"d:\Persist Ventures\GoViral\supabase\migrations\20250524072600_remote_schema.sql", "MS SQL", 0, 0, 0, 0, 0, 0, 673, 0, 0, 0, 0, 5, 349, 1027
"d:\Persist Ventures\GoViral\supabase\migrations\20250603082120_populate_brief_html_field.sql", "MS SQL", 0, 0, 0, 0, 0, 0, 6, 0, 0, 0, 0, 4, 2, 12
"d:\Persist Ventures\GoViral\supabase\migrations\20250603124847_add_rich_text_fields.sql", "MS SQL", 0, 0, 0, 0, 0, 0, 6, 0, 0, 0, 0, 3, 2, 11
"d:\Persist Ventures\GoViral\supabase\migrations\20250603162804_create_advertiser_withdrawal_functions.sql", "MS SQL", 0, 0, 0, 0, 0, 0, 166, 0, 0, 0, 0, 21, 21, 208
"d:\Persist Ventures\GoViral\supabase\migrations\20250603163339_fix_advertiser_withdrawal_amount_storage.sql", "MS SQL", 0, 0, 0, 0, 0, 0, 159, 0, 0, 0, 0, 18, 21, 198
"d:\Persist Ventures\GoViral\supabase\migrations\20250603164056_fix_advertiser_withdrawal_balance_and_request_id.sql", "MS SQL", 0, 0, 0, 0, 0, 0, 170, 0, 0, 0, 0, 28, 24, 222
"d:\Persist Ventures\GoViral\supabase\migrations\20250603170000_update_contests_view.sql", "MS SQL", 0, 0, 0, 0, 0, 0, 38, 0, 0, 0, 0, 3, 3, 44
"d:\Persist Ventures\GoViral\supabase\migrations\YYYYMMDDHHMMSS_enhance_withdrawal_requests.sql", "MS SQL", 0, 0, 0, 0, 0, 0, 7, 0, 0, 0, 0, 11, 4, 22
"d:\Persist Ventures\GoViral\supabase\migrations\YYYYMMDDHHMMSS_update_withdrawal_functions.sql", "MS SQL", 0, 0, 0, 0, 0, 0, 132, 0, 0, 0, 0, 34, 16, 182
"d:\Persist Ventures\GoViral\supabase\supabase\migrations\20250603082120_populate_brief_html_field.sql", "MS SQL", 0, 0, 0, 0, 0, 0, 0, 0, 0, 0, 0, 0, 1, 1
"d:\Persist Ventures\GoViral\supabase_policy.sql", "MS SQL", 0, 0, 0, 0, 0, 0, 159, 0, 0, 0, 0, 0, 0, 159
"d:\Persist Ventures\GoViral\supabase_policy_fix.sql", "MS SQL", 0, 0, 0, 0, 0, 0, 63, 0, 0, 0, 0, 9, 5, 77
"d:\Persist Ventures\GoViral\tailwind.config.ts", "TypeScript", 0, 0, 0, 0, 95, 0, 0, 0, 0, 0, 0, 0, 2, 97
"d:\Persist Ventures\GoViral\tsconfig.json", "JSON with Comments", 0, 0, 0, 0, 0, 27, 0, 0, 0, 0, 0, 0, 1, 28
"d:\Persist Ventures\GoViral\types\earnings.ts", "TypeScript", 0, 0, 0, 0, 103, 0, 0, 0, 0, 0, 0, 9, 14, 126
"d:\Persist Ventures\GoViral\types\supabase.ts", "TypeScript", 0, 0, 0, 0, 492, 0, 0, 0, 0, 0, 0, 10, 6, 508
"d:\Persist Ventures\GoViral\utils\supabase\client.ts", "TypeScript", 0, 0, 0, 0, 7, 0, 0, 0, 0, 0, 0, 0, 0, 7
"d:\Persist Ventures\GoViral\utils\supabase\middleware.ts", "TypeScript", 0, 0, 0, 0, 63, 0, 0, 0, 0, 0, 0, 16, 16, 95
"d:\Persist Ventures\GoViral\utils\supabase\server.ts", "TypeScript", 0, 0, 0, 0, 25, 0, 0, 0, 0, 0, 0, 0, 2, 27
"d:\Persist Ventures\GoViral\vercel.json", "JSON", 12, 0, 0, 0, 0, 0, 0, 0, 0, 0, 0, 0, 0, 12
"Total", "-", 8103, 21848, 416, 180, 3064, 27, 1802, 197, 25, 4, 1374, 1711, 3522, 42273